ranking,name,score,review_count,quote,detail_url,introduce
1,肖申克的救赎,9.7,2625784人评价,希望让人自由。,https://movie.douban.com/subject/1292052/,"导演: 弗兰克·德拉邦特 Frank Darabont   主演: 蒂姆·罗宾斯 Tim Robbins /...
1994 / 美国 / 犯罪 剧情"
2,霸王别姬,9.6,1950017人评价,风华绝代。,https://movie.douban.com/subject/1291546/,"导演: 陈凯歌 Kaige Chen   主演: 张国荣 Leslie Cheung / 张丰毅 Fengyi Zha...
1993 / 中国大陆 中国香港 / 剧情 爱情 同性"
3,阿甘正传,9.5,1974125人评价,一部美国近现代史。,https://movie.douban.com/subject/1292720/,"导演: 罗伯特·泽米吉斯 Robert Zemeckis   主演: 汤姆·汉克斯 Tom Hanks / ...
1994 / 美国 / 剧情 爱情"
4,泰坦尼克号,9.4,1934585人评价,失去的才是永恒的。 ,https://movie.douban.com/subject/1292722/,"导演: 詹姆斯·卡梅隆 James Cameron   主演: 莱昂纳多·迪卡普里奥 Leonardo...
1997 / 美国 墨西哥 澳大利亚 加拿大 / 剧情 爱情 灾难"
5,这个杀手不太冷,9.4,2125106人评价,怪蜀黍和小萝莉不得不说的故事。,https://movie.douban.com/subject/1295644/,"导演: 吕克·贝松 Luc Besson   主演: 让·雷诺 Jean Reno / 娜塔莉·波特曼 ...
1994 / 法国 美国 / 剧情 动作 犯罪"
6,美丽人生,9.6,1213327人评价,最美的谎言。,https://movie.douban.com/subject/1292063/,"导演: 罗伯托·贝尼尼 Roberto Benigni   主演: 罗伯托·贝尼尼 Roberto Beni...
1997 / 意大利 / 剧情 喜剧 爱情 战争"
7,千与千寻,9.4,2050486人评价,最好的宫崎骏，最好的久石让。 ,https://movie.douban.com/subject/1291561/,"导演: 宫崎骏 Hayao Miyazaki   主演: 柊瑠美 Rumi Hîragi / 入野自由 Miy...
2001 / 日本 / 剧情 动画 奇幻"
8,辛德勒的名单,9.6,1012225人评价,拯救一个人，就是拯救整个世界。,https://movie.douban.com/subject/1295124/,"导演: 史蒂文·斯皮尔伯格 Steven Spielberg   主演: 连姆·尼森 Liam Neeson...
1993 / 美国 / 剧情 历史 战争"
9,盗梦空间,9.4,1891734人评价,诺兰给了我们一场无法盗取的梦。,https://movie.douban.com/subject/3541415/,"导演: 克里斯托弗·诺兰 Christopher Nolan   主演: 莱昂纳多·迪卡普里奥 Le...
2010 / 美国 英国 / 剧情 科幻 悬疑 冒险"
10,忠犬八公的故事,9.4,1294126人评价,永远都不能忘记你所爱的人。,https://movie.douban.com/subject/3011091/,"导演: 莱塞·霍尔斯道姆 Lasse Hallström   主演: 理查·基尔 Richard Ger...
2009 / 美国 英国 / 剧情"
11,星际穿越,9.4,1583364人评价,爱是一种力量，让我们超越时空感知它的存在。,https://movie.douban.com/subject/1889243/,"导演: 克里斯托弗·诺兰 Christopher Nolan   主演: 马修·麦康纳 Matthew Mc...
2014 / 美国 英国 加拿大 / 剧情 科幻 冒险"
12,楚门的世界,9.3,1506127人评价,如果再也不能见到你，祝你早安，午安，晚安。,https://movie.douban.com/subject/1292064/,"导演: 彼得·威尔 Peter Weir   主演: 金·凯瑞 Jim Carrey / 劳拉·琳妮 Lau...
1998 / 美国 / 剧情 科幻"
13,海上钢琴师,9.3,1538979人评价,每个人都要走一条自己坚定了的路，就算是粉身碎骨。 ,https://movie.douban.com/subject/1292001/,"导演: 朱塞佩·托纳多雷 Giuseppe Tornatore   主演: 蒂姆·罗斯 Tim Roth / ...
1998 / 意大利 / 剧情 音乐"
14,三傻大闹宝莱坞,9.2,1716180人评价,英俊版憨豆，高情商版谢耳朵。,https://movie.douban.com/subject/3793023/,"导演: 拉库马·希拉尼 Rajkumar Hirani   主演: 阿米尔·汗 Aamir Khan / 卡...
2009 / 印度 / 剧情 喜剧 爱情 歌舞"
15,机器人总动员,9.3,1211809人评价,小瓦力，大人生。,https://movie.douban.com/subject/2131459/,"导演: 安德鲁·斯坦顿 Andrew Stanton   主演: 本·贝尔特 Ben Burtt / 艾丽...
2008 / 美国 / 科幻 动画 冒险"
16,放牛班的春天,9.3,1197421人评价,天籁一般的童声，是最接近上帝的存在。 ,https://movie.douban.com/subject/1291549/,"导演: 克里斯托夫·巴拉蒂 Christophe Barratier   主演: 让-巴蒂斯特·莫尼...
2004 / 法国 瑞士 德国 / 剧情 喜剧 音乐"
17,无间道,9.3,1215800人评价,香港电影史上永不过时的杰作。,https://movie.douban.com/subject/1307914/,"导演: 刘伟强 / 麦兆辉   主演: 刘德华 / 梁朝伟 / 黄秋生
2002 / 中国香港 / 剧情 犯罪 惊悚"
18,疯狂动物城,9.2,1729975人评价,迪士尼给我们营造的乌托邦就是这样，永远善良勇敢，永远出乎意料。,https://movie.douban.com/subject/25662329/,"导演: 拜伦·霍华德 Byron Howard / 瑞奇·摩尔 Rich Moore   主演: 金妮弗·...
2016 / 美国 / 喜剧 动画 冒险"
19,大话西游之大圣娶亲,9.2,1405016人评价,一生所爱。,https://movie.douban.com/subject/1292213/,"导演: 刘镇伟 Jeffrey Lau   主演: 周星驰 Stephen Chow / 吴孟达 Man Tat Ng...
1995 / 中国香港 中国大陆 / 喜剧 爱情 奇幻 古装"
20,熔炉,9.3,855651人评价,我们一路奋战不是为了改变世界，而是为了不让世界改变我们。,https://movie.douban.com/subject/5912992/,"导演: 黄东赫 Dong-hyuk Hwang   主演: 孔侑 Yoo Gong / 郑有美 Yu-mi Jung /...
2011 / 韩国 / 剧情"
21,控方证人,9.6,463116人评价,比利·怀德满分作品。,https://movie.douban.com/subject/1296141/,"导演: 比利·怀尔德 Billy Wilder   主演: 泰隆·鲍华 Tyrone Power / 玛琳·...
1957 / 美国 / 剧情 犯罪 悬疑"
22,教父,9.3,871961人评价,千万不要记恨你的对手，这样会让你失去理智。,https://movie.douban.com/subject/1291841/,"导演: 弗朗西斯·福特·科波拉 Francis Ford Coppola   主演: 马龙·白兰度 M...
1972 / 美国 / 剧情 犯罪"
23,当幸福来敲门,9.2,1394688人评价,平民励志片。 ,https://movie.douban.com/subject/1849031/,"导演: 加布里尔·穆奇诺 Gabriele Muccino   主演: 威尔·史密斯 Will Smith ...
2006 / 美国 / 剧情 传记 家庭"
24,触不可及,9.3,976960人评价,满满温情的高雅喜剧。,https://movie.douban.com/subject/6786002/,"导演: 奥利维·那卡什 Olivier Nakache / 艾力克·托兰达 Eric Toledano   主...
2011 / 法国 / 剧情 喜剧"
25,怦然心动,9.1,1672040人评价,真正的幸福是来自内心深处。,https://movie.douban.com/subject/3319755/,"导演: 罗伯·莱纳 Rob Reiner   主演: 玛德琳·卡罗尔 Madeline Carroll / 卡...
2010 / 美国 / 剧情 喜剧 爱情"
26,龙猫,9.2,1158809人评价,人人心中都有个龙猫，童年就永远不会消失。,https://movie.douban.com/subject/1291560/,"导演: 宫崎骏 Hayao Miyazaki   主演: 日高法子 Noriko Hidaka / 坂本千夏 Ch...
1988 / 日本 / 动画 奇幻 冒险"
27,末代皇帝,9.3,780577人评价,“不要跟我比惨，我比你更惨”再适合这部电影不过了。,https://movie.douban.com/subject/1293172/,"导演: 贝纳尔多·贝托鲁奇 Bernardo Bertolucci   主演: 尊龙 John Lone / 陈...
1987 / 英国 意大利 中国大陆 法国 / 剧情 传记 历史"
28,寻梦环游记,9.1,1492056人评价,死亡不是真的逝去，遗忘才是永恒的消亡。,https://movie.douban.com/subject/20495023/,"导演: 李·昂克里奇 Lee Unkrich / 阿德里安·莫利纳 Adrian Molina   主演: ...
2017 / 美国 / 喜剧 动画 奇幻 音乐"
29,蝙蝠侠：黑暗骑士,9.2,965872人评价,无尽的黑暗。,https://movie.douban.com/subject/1851857/,"导演: 克里斯托弗·诺兰 Christopher Nolan   主演: 克里斯蒂安·贝尔 Christ...
2008 / 美国 英国 / 剧情 动作 科幻 犯罪 惊悚"
30,活着,9.3,752477人评价,张艺谋最好的电影。,https://movie.douban.com/subject/1292365/,"导演: 张艺谋 Yimou Zhang   主演: 葛优 You Ge / 巩俐 Li Gong / 姜武 Wu Jiang
1994 / 中国大陆 中国香港 / 剧情 历史 家庭"
31,哈利·波特与魔法石,9.1,1049096人评价,童话世界的开端。,https://movie.douban.com/subject/1295038/,"导演: Chris Columbus   主演: Daniel Radcliffe / Emma Watson / Rupert Grint
2001 / 美国 英国 / 奇幻 冒险"
32,指环王3：王者无敌,9.3,730890人评价,史诗的终章。,https://movie.douban.com/subject/1291552/,"导演: 彼得·杰克逊 Peter Jackson   主演: 伊利亚·伍德 Elijah Wood / 西恩...
2003 / 美国 新西兰 / 剧情 动作 奇幻 冒险"
33,乱世佳人,9.3,631123人评价,Tomorrow is another day.,https://movie.douban.com/subject/1300267/,"导演: 维克多·弗莱明 Victor Fleming / 乔治·库克 George Cukor   主演: 费...
1939 / 美国 / 剧情 历史 爱情 战争"
34,素媛,9.3,619670人评价,受过伤害的人总是笑得最开心，因为他们不愿意让身边的人承受一样的痛苦。,https://movie.douban.com/subject/21937452/,"导演: 李濬益 Jun-ik Lee   主演: 薛景求 Kyung-gu Sol / 严志媛 Ji-won Uhm ...
2013 / 韩国 / 剧情"
35,飞屋环游记,9.1,1212656人评价,最后那些最无聊的事情，才是最值得怀念的。 ,https://movie.douban.com/subject/2129039/,"导演: 彼特·道格特 Pete Docter / 鲍勃·彼德森 Bob Peterson   主演: 爱德...
2009 / 美国 / 剧情 喜剧 动画 冒险"
36,摔跤吧！爸爸,9.0,1440703人评价,你不是在为你一个人战斗，你要让千千万万的女性看到女生并不是只能相夫教子。,https://movie.douban.com/subject/26387939/,"导演: 涅提·蒂瓦里 Nitesh Tiwari   主演: 阿米尔·汗 Aamir Khan / 法缇玛...
2016 / 印度 / 剧情 传记 运动 家庭"
37,我不是药神,9.0,1920844人评价,对我们国家而言，这样的电影多一部是一部。,https://movie.douban.com/subject/26752088/,"导演: 文牧野 Muye Wen   主演: 徐峥 Zheng Xu / 王传君 Chuanjun Wang / 周...
2018 / 中国大陆 / 剧情 喜剧"
38,何以为家,9.1,945473人评价,凝视卑弱生命，用电影改变命运。,https://movie.douban.com/subject/30170448/,"导演: 娜丁·拉巴基 Nadine Labaki   主演: 扎因·拉费阿 Zain al-Rafeea / ...
2018 / 黎巴嫩 美国 法国 塞浦路斯 卡塔尔 英国 / 剧情"
39,十二怒汉,9.4,435006人评价,1957年的理想主义。 ,https://movie.douban.com/subject/1293182/,"导演: Sidney Lumet   主演: 亨利·方达 Henry Fonda / 马丁·鲍尔萨姆 Marti...
1957 / 美国 / 剧情"
40,哈尔的移动城堡,9.1,918759人评价,带着心爱的人在天空飞翔。,https://movie.douban.com/subject/1308807/,"导演: 宫崎骏 Hayao Miyazaki   主演: 倍赏千惠子 Chieko Baishô / 木村拓...
2004 / 日本 / 动画 奇幻 冒险"
41,少年派的奇幻漂流,9.1,1247486人评价,瑰丽壮观、无人能及的冒险之旅。,https://movie.douban.com/subject/1929463/,"导演: 李安 Ang Lee   主演: 苏拉·沙玛 Suraj Sharma / 伊尔凡·可汗 Irrfan...
2012 / 美国 中国台湾 英国 加拿大 / 剧情 奇幻 冒险"
42,鬼子来了,9.3,565537人评价,对敌人的仁慈，就是对自己残忍。,https://movie.douban.com/subject/1291858/,"导演: 姜文 Wen Jiang   主演: 姜文 Wen Jiang / 香川照之 Teruyuki Kagawa /...
2000 / 中国大陆 / 剧情 喜剧"
43,大话西游之月光宝盒,9.0,1120356人评价,旷古烁今。,https://movie.douban.com/subject/1299398/,"导演: 刘镇伟 Jeffrey Lau   主演: 周星驰 Stephen Chow / 吴孟达 Man Tat Ng...
1995 / 中国香港 中国大陆 / 喜剧 爱情 奇幻 古装"
44,猫鼠游戏,9.1,888848人评价,骗子大师和执著警探的你追我跑故事。 ,https://movie.douban.com/subject/1305487/,"导演: 史蒂文·斯皮尔伯格 Steven Spielberg   主演: 莱昂纳多·迪卡普里奥 L...
2002 / 美国 加拿大 / 传记 犯罪 剧情"
45,天空之城,9.1,752685人评价,对天空的追逐，永不停止。 ,https://movie.douban.com/subject/1291583/,"导演: 宫崎骏 Hayao Miyazaki   主演: 田中真弓 Mayumi Tanaka / 横泽启子 Ke...
1986 / 日本 / 动画 奇幻 冒险"
46,闻香识女人,9.1,796017人评价,史上最美的探戈。,https://movie.douban.com/subject/1298624/,"导演: 马丁·布莱斯 Martin Brest   主演: 阿尔·帕西诺 Al Pacino / 克里斯...
1992 / 美国 / 剧情"
47,天堂电影院,9.2,630873人评价,那些吻戏，那些青春，都在影院的黑暗里被泪水冲刷得无比清晰。,https://movie.douban.com/subject/1291828/,"导演: 朱塞佩·托纳多雷 Giuseppe Tornatore   主演: 菲利普·努瓦雷 Philipp...
1988 / 意大利 法国 / 剧情 爱情"
48,指环王2：双塔奇兵,9.2,682483人评价,承前启后的史诗篇章。,https://movie.douban.com/subject/1291572/,"导演: 彼得·杰克逊 Peter Jackson   主演: 伊利亚·伍德 Elijah Wood / 西恩...
2002 / 美国 新西兰 / 剧情 动作 奇幻 冒险"
49,钢琴家,9.3,550350人评价,音乐能化解仇恨。,https://movie.douban.com/subject/1296736/,"导演: 罗曼·波兰斯基 Roman Polanski   主演: 艾德里安·布洛迪 Adrien Brod...
2002 / 英国 法国 波兰 德国 / 剧情 传记 战争 音乐"
50,让子弹飞,8.9,1524137人评价,你给我翻译翻译，神马叫做TMD的惊喜。,https://movie.douban.com/subject/3742360/,"导演: 姜文 Wen Jiang   主演: 姜文 Wen Jiang / 葛优 You Ge / 周润发 Yun-F...
2010 / 中国大陆 中国香港 / 剧情 喜剧 动作 西部"
51,罗马假日,9.1,878914人评价,爱情哪怕只有一天。,https://movie.douban.com/subject/1293839/,"导演: 威廉·惠勒 William Wyler   主演: 奥黛丽·赫本 Audrey Hepburn / 格...
1953 / 美国 / 喜剧 剧情 爱情"
52,海蒂和爷爷,9.3,494622人评价,如果生活中有什么使你感到快乐，那就去做吧！不要管别人说什么。,https://movie.douban.com/subject/25958717/,"导演: 阿兰·葛斯彭纳 Alain Gsponer   主演: 阿努克·斯特芬 Anuk Steffen /...
2015 / 德国 瑞士 / 剧情 冒险 家庭"
53,指环王1：护戒使者,9.1,771177人评价,传说的开始。,https://movie.douban.com/subject/1291571/,"导演: 彼得·杰克逊 Peter Jackson   主演: 伊利亚·伍德 Elijah Wood / 西恩...
2001 / 新西兰 美国 / 剧情 动作 奇幻 冒险"
54,黑客帝国,9.1,767894人评价,视觉革命。,https://movie.douban.com/subject/1291843/,"导演: 安迪·沃卓斯基 Andy Wachowski / 拉娜·沃卓斯基 Lana Wachowski   主...
1999 / 美国 / 动作 科幻"
55,大闹天宫,9.4,387389人评价,经典之作，历久弥新。,https://movie.douban.com/subject/1418019/,"导演: 万籁鸣 Laiming Wan   主演: 邱岳峰 Yuefeng Qiu / 富润生 Runsheng Fu...
1961(中国大陆) / 1964(中国大陆) / 1978(中国大陆) / 中国大陆 / 剧情 动画 奇幻 古装"
56,教父2,9.2,494105人评价,优雅的孤独。,https://movie.douban.com/subject/1299131/,"导演: 弗朗西斯·福特·科波拉 Francis Ford Coppola   主演: 阿尔·帕西诺 A...
1974 / 美国 / 剧情 犯罪"
57,死亡诗社,9.1,643123人评价,当一个死水般的体制内出现一个活跃的变数时，所有的腐臭都站在了光明的对面。,https://movie.douban.com/subject/1291548/,"导演: 彼得·威尔 Peter Weir   主演: 罗宾·威廉姆斯 Robin Williams / 罗伯...
1989 / 美国 / 剧情"
58,辩护人,9.2,543667人评价,电影的现实意义大过电影本身。,https://movie.douban.com/subject/21937445/,"导演: 杨宇硕 Woo-seok Yang   主演: 宋康昊 Kang-ho Song / 金英爱 Yeong-ae...
2013 / 韩国 / 剧情"
59,狮子王,9.1,760212人评价,动物版《哈姆雷特》。,https://movie.douban.com/subject/1301753/,"导演: Roger Allers / 罗伯·明可夫 Rob Minkoff   主演: 乔纳森·泰勒·托马...
1994 / 美国 / 动画 冒险 歌舞"
60,绿皮书,8.9,1468736人评价,去除成见，需要勇气。,https://movie.douban.com/subject/27060077/,"导演: 彼得·法雷里 Peter Farrelly   主演: 维果·莫腾森 Viggo Mortensen /...
2018 / 美国 中国大陆 / 剧情 喜剧 传记 音乐"
61,搏击俱乐部,9.0,776063人评价,邪恶与平庸蛰伏于同一个母体，在特定的时间互相对峙。,https://movie.douban.com/subject/1292000/,"导演: 大卫·芬奇 David Fincher   主演: 爱德华·诺顿 Edward Norton / 布拉...
1999 / 美国 德国 意大利 / 剧情 动作 悬疑 惊悚"
62,饮食男女,9.2,555682人评价,人生不能像做菜，把所有的料都准备好了才下锅。,https://movie.douban.com/subject/1291818/,"导演: 李安 Ang Lee   主演: 郎雄 Sihung Lung / 杨贵媚 Kuei-Mei Yang / 吴...
1994 / 中国台湾 美国 / 剧情 家庭"
63,美丽心灵,9.1,701922人评价,爱是一切逻辑和原由。,https://movie.douban.com/subject/1306029/,"导演: 朗·霍华德 Ron Howard   主演: 罗素·克劳 Russell Crowe / 艾德·哈...
2001 / 美国 / 传记 剧情"
64,本杰明·巴顿奇事,9.0,901258人评价,在时间之河里感受溺水之苦。,https://movie.douban.com/subject/1485260/,"导演: 大卫·芬奇 David Fincher   主演: 凯特·布兰切特 Cate Blanchett / ...
2008 / 美国 / 剧情 爱情 奇幻"
65,窃听风暴,9.2,514509人评价,别样人生。,https://movie.douban.com/subject/1900841/,"导演: 弗洛里安·亨克尔·冯·多纳斯马尔克 Florian Henckel von Donnersmarck  &n...
2006 / 德国 / 剧情 悬疑"
66,情书,8.9,983316人评价,暗恋的极致。,https://movie.douban.com/subject/1292220/,"导演: 岩井俊二 Shunji Iwai   主演: 中山美穗 Miho Nakayama / 丰川悦司 Ets...
1995 / 日本 / 剧情 爱情"
67,穿条纹睡衣的男孩,9.2,497871人评价,尽管有些不切实际的幻想，这部电影依旧是一部感人肺腑的佳作。,https://movie.douban.com/subject/3008247/,"导演: 马克·赫尔曼 Mark Herman   主演: 阿萨·巴特菲尔德 Asa Butterfield ...
2008 / 英国 美国 / 剧情 战争"
68,两杆大烟枪,9.1,548750人评价,4个臭皮匠顶个诸葛亮，盖·里奇果然不是盖的。,https://movie.douban.com/subject/1293350/,"导演: Guy Ritchie   主演: Jason Flemyng / Dexter Fletcher / Nick Moran
1998 / 英国 / 剧情 喜剧 犯罪"
69,西西里的美丽传说,8.9,892047人评价,美丽无罪。,https://movie.douban.com/subject/1292402/,"导演: 朱塞佩·托纳多雷 Giuseppe Tornatore   主演: 莫妮卡·贝鲁奇 Monica ...
2000 / 意大利 美国 / 剧情 战争 情色"
70,看不见的客人,8.8,1137780人评价,你以为你以为的就是你以为的。,https://movie.douban.com/subject/26580232/,"导演: 奥里奥尔·保罗 Oriol Paulo   主演: 马里奥·卡萨斯 Mario Casas / 阿...
2016 / 西班牙 / 剧情 犯罪 悬疑 惊悚"
71,拯救大兵瑞恩,9.1,591551人评价,美利坚精神输出大片No1.,https://movie.douban.com/subject/1292849/,"导演: 史蒂文·斯皮尔伯格 Steven Spielberg   主演: 汤姆·汉克斯 Tom Hanks...
1998 / 美国 / 剧情 战争"
72,音乐之声,9.1,547336人评价,用音乐化解仇恨，让歌声串起美好。,https://movie.douban.com/subject/1294408/,"导演: 罗伯特·怀斯 Robert Wise   主演: 朱莉·安德鲁斯 Julie Andrews / 克...
1965 / 美国 / 剧情 传记 爱情 歌舞"
73,飞越疯人院,9.1,509532人评价,自由万岁。,https://movie.douban.com/subject/1292224/,"导演: 米洛斯·福尔曼 Miloš Forman   主演: 杰克·尼科尔森 Jack Nichols...
1975 / 美国 / 剧情"
74,小鞋子,9.2,372380人评价,奔跑的孩子是天使。,https://movie.douban.com/subject/1303021/,"导演: 马基德·马基迪 Majid Majidi   主演: 默罕默德·阿米尔·纳吉 Mohamma...
1997 / 伊朗 / 剧情 儿童 家庭"
75,阿凡达,8.8,1268261人评价,绝对意义上的美轮美奂。,https://movie.douban.com/subject/1652587/,"导演: 詹姆斯·卡梅隆 James Cameron   主演: 萨姆·沃辛顿 Sam Worthington ...
2009 / 美国 / 动作 科幻 冒险"
76,哈利·波特与死亡圣器(下),8.9,741908人评价,10年的完美句点。,https://movie.douban.com/subject/3011235/,"导演: 大卫·叶茨 David Yates   主演: 丹尼尔·雷德克里夫 Daniel Radcliffe...
2011 / 美国 英国 / 奇幻 冒险"
77,沉默的羔羊,8.9,799239人评价,安东尼·霍普金斯的顶级表演。,https://movie.douban.com/subject/1293544/,"导演: 乔纳森·戴米 Jonathan Demme   主演: 朱迪·福斯特 Jodie Foster / 安...
1991 / 美国 / 剧情 犯罪 惊悚"
78,海豚湾,9.3,336387人评价,海豚的微笑，是世界上最高明的伪装。,https://movie.douban.com/subject/3442220/,"导演: 路易·西霍尤斯 Louie Psihoyos   主演: Richard O'Barry / 路易·西霍...
2009 / 美国 / 纪录片"
79,致命魔术,8.9,783731人评价,孪生蝙蝠侠大战克隆金刚狼。,https://movie.douban.com/subject/1780330/,"导演: 克里斯托弗·诺兰 Christopher Nolan   主演: 休·杰克曼 Hugh Jackman...
2006 / 英国 美国 / 剧情 悬疑 惊悚"
80,禁闭岛,8.8,879656人评价,昔日翩翩少年，今日大腹便便。,https://movie.douban.com/subject/2334904/,"导演: Martin Scorsese   主演: 莱昂纳多·迪卡普里奥 Leonardo DiCaprio / ...
2010 / 美国 / 剧情 悬疑 惊悚"
81,布达佩斯大饭店,8.9,833767人评价,小清新的故事里注入了大历史的情怀。,https://movie.douban.com/subject/11525673/,"导演: 韦斯·安德森 Wes Anderson   主演: 拉尔夫·费因斯 Ralph Fiennes / ...
2014 / 美国 德国 英国 / 剧情 喜剧 冒险"
82,蝴蝶效应,8.8,854185人评价,人的命运被自己瞬间的抉择改变。,https://movie.douban.com/subject/1292343/,"导演: 埃里克·布雷斯 Eric Bress / J·麦基·格鲁伯 J. Mackye Gruber   主...
2004 / 美国 加拿大 / 剧情 悬疑 科幻 惊悚"
83,美国往事,9.2,377332人评价,往事如烟，无处祭奠。,https://movie.douban.com/subject/1292262/,"导演: 赛尔乔·莱翁内 Sergio Leone   主演: 罗伯特·德尼罗 Robert De Niro ...
1984 / 美国 意大利 / 犯罪 剧情"
84,心灵捕手,8.9,645670人评价,人生中应该拥有这样的一段豁然开朗。,https://movie.douban.com/subject/1292656/,"导演: 格斯·范·桑特 Gus Van Sant   主演: 马特·达蒙 Matt Damon / 罗宾·...
1997 / 美国 / 剧情"
85,低俗小说,8.9,759035人评价,故事的高级讲法。,https://movie.douban.com/subject/1291832/,"导演: 昆汀·塔伦蒂诺 Quentin Tarantino   主演: 约翰·特拉沃尔塔 John Tra...
1994 / 美国 / 剧情 喜剧 犯罪"
86,春光乍泄,9.0,573464人评价,爱情纠缠，男女一致。,https://movie.douban.com/subject/1292679/,"导演: 王家卫 Kar Wai Wong   主演: 张国荣 Leslie Cheung / 梁朝伟 Tony Leu...
1997 / 中国香港 日本 韩国 / 剧情 爱情 同性"
87,摩登时代,9.3,270255人评价,大时代中的人生，小人物的悲喜。,https://movie.douban.com/subject/1294371/,"导演: 查理·卓别林 Charles Chaplin   主演: 查理·卓别林 Charles Chaplin ...
1936 / 美国 / 剧情 喜剧 爱情"
88,七宗罪,8.8,872894人评价,警察抓小偷，老鼠玩死猫。,https://movie.douban.com/subject/1292223/,"导演: 大卫·芬奇 David Fincher   主演: 摩根·弗里曼 Morgan Freeman / 布...
1995 / 美国 / 剧情 犯罪 悬疑 惊悚"
89,喜剧之王,8.8,879188人评价,我是一个演员。,https://movie.douban.com/subject/1302425/,"导演: 周星驰 Stephen Chow / 李力持 Lik-Chi Lee   主演: 周星驰 Stephen Ch...
1999 / 中国香港 / 喜剧 剧情 爱情"
90,致命ID,8.8,741243人评价,最不可能的那个人永远是最可能的。,https://movie.douban.com/subject/1297192/,"导演: 詹姆斯·曼高德 James Mangold   主演: 约翰·库萨克 John Cusack / 雷...
2003 / 美国 / 剧情 悬疑 惊悚"
91,杀人回忆,8.9,633204人评价,关于连环杀人悬案的集体回忆。,https://movie.douban.com/subject/1300299/,"导演: 奉俊昊 Joon-ho Bong   主演: 宋康昊 Kang-ho Song / 金相庆 Sang-kyun...
2003 / 韩国 / 剧情 动作 犯罪 悬疑 惊悚"
92,功夫,8.7,982731人评价,警恶惩奸，维护世界和平这个任务就交给你了，好吗？,https://movie.douban.com/subject/1291543/,"导演: 周星驰 Stephen Chow   主演: 周星驰 Stephen Chow / 元秋 Qiu Yuen / ...
2004 / 中国大陆 中国香港 / 动作 喜剧 犯罪 奇幻"
93,超脱,9.0,502777人评价,穷尽一生，我们要学会的，不过是彼此拥抱。,https://movie.douban.com/subject/5322596/,"导演: 托尼·凯耶 Tony Kaye   主演: 艾德里安·布洛迪 Adrien Brody / 马西...
2011 / 美国 / 剧情"
94,哈利·波特与阿兹卡班的囚徒,8.9,630353人评价,不一样的导演，不一样的哈利·波特。,https://movie.douban.com/subject/1291544/,"导演: Alfonso Cuarón   主演: 丹尼尔·雷德克里夫 Daniel Radcliffe / Emma...
2004 / 英国 美国 / 奇幻 冒险"
95,加勒比海盗,8.8,786147人评价,约翰尼·德普的独角戏。,https://movie.douban.com/subject/1298070/,"导演: 戈尔·维宾斯基 Gore Verbinski   主演: 约翰尼·德普 Johnny Depp / ...
2003 / 美国 / 动作 冒险 奇幻"
96,被嫌弃的松子的一生,8.9,654133人评价,以戏谑来戏谑戏谑。,https://movie.douban.com/subject/1787291/,"导演: 中岛哲也 Tetsuya Nakashima   主演: 中谷美纪 Miki Nakatani / 瑛太 E...
2006 / 日本 / 剧情 歌舞"
97,红辣椒,9.0,403978人评价,梦的勾结。,https://movie.douban.com/subject/1865703/,"导演: 今敏 Satoshi Kon   主演: 林原惠美 Megumi Hayashibara / 江守彻 Toru...
2006 / 日本 / 动画 悬疑 科幻 惊悚"
98,狩猎,9.1,348643人评价,人言可畏。,https://movie.douban.com/subject/6985810/,"导演: 托马斯·温特伯格 Thomas Vinterberg   主演: 麦斯·米科尔森 Mads Mik...
2012 / 丹麦 瑞典 / 剧情"
99,请以你的名字呼唤我,8.9,647082人评价,沉醉在电影的情感和视听氛围中无法自拔。,https://movie.douban.com/subject/26799731/,"导演: 卢卡·瓜达尼诺 Luca Guadagnino   主演: 艾米·汉莫 Armie Hammer / ...
2017 / 意大利 法国 巴西 美国 / 剧情 爱情 同性"
100,7号房的礼物,8.9,502886人评价,《我是山姆》的《美丽人生》。,https://movie.douban.com/subject/10777687/,"导演: 李焕庆 Hwan-kyeong Lee   主演: 柳承龙 Seung-yong Ryoo / 朴信惠 Shi...
2013 / 韩国 / 剧情 喜剧 家庭"
101,剪刀手爱德华,8.7,969449人评价,浪漫忧郁的成人童话。,https://movie.douban.com/subject/1292370/,"导演: 蒂姆·波顿 Tim Burton   主演: 约翰尼·德普 Johnny Depp / 薇诺娜·...
1990 / 美国 / 剧情 奇幻 爱情"
102,勇敢的心,8.9,526508人评价,史诗大片的典范。,https://movie.douban.com/subject/1294639/,"导演: 梅尔·吉布森 Mel Gibson   主演: 梅尔·吉布森 Mel Gibson / 苏菲·玛...
1995 / 美国 / 动作 传记 剧情 历史 战争"
103,断背山,8.8,655468人评价,每个人心中都有一座断背山。,https://movie.douban.com/subject/1418834/,"导演: 李安 Ang Lee   主演: 希斯·莱杰 Heath Ledger / 杰克·吉伦哈尔 Jake...
2005 / 美国 加拿大 / 剧情 爱情 同性 家庭"
104,唐伯虎点秋香,8.7,973099人评价,华太师是黄霑，吴镇宇四大才子之一。,https://movie.douban.com/subject/1306249/,"导演: 李力持 Lik-Chi Lee   主演: 周星驰 Stephen Chow / 巩俐 Li Gong / 陈...
1993 / 中国香港 / 喜剧 爱情 古装"
105,入殓师,8.9,605468人评价,死可能是一道门，逝去并不是终结，而是超越，走向下一程。,https://movie.douban.com/subject/2149806/,"导演: 泷田洋二郎 Yôjirô Takita   主演: 本木雅弘 Masahiro Motoki / ...
2008 / 日本 / 剧情"
106,第六感,8.9,506134人评价,深入内心的恐怖，出人意料的结局。,https://movie.douban.com/subject/1297630/,"导演: M·奈特·沙马兰 M. Night Shyamalan   主演: 布鲁斯·威利斯 Bruce Wi...
1999 / 美国 / 剧情 悬疑 惊悚"
107,天使爱美丽,8.7,906988人评价,法式小清新。 ,https://movie.douban.com/subject/1292215/,"导演: 让-皮埃尔·热内 Jean-Pierre Jeunet   主演: 奥黛丽·塔图 Audrey Tau...
2001 / 法国 德国 / 剧情 喜剧 爱情"
108,哈利·波特与密室,8.8,656498人评价,魔法的密室之门已打开...,https://movie.douban.com/subject/1296996/,"导演: Chris Columbus   主演: 丹尼尔·雷德克里夫 Daniel Radcliffe / 艾玛...
2002 / 英国 美国 / 奇幻 冒险"
109,爱在黎明破晓前,8.8,601678人评价,缘分是个连绵词，最美不过一瞬。,https://movie.douban.com/subject/1296339/,"导演: 理查德·林克莱特 Richard Linklater   主演: 伊桑·霍克 Ethan Hawke ...
1995 / 美国 奥地利 瑞士 / 剧情 爱情"
110,重庆森林,8.8,731056人评价,寂寞没有期限。,https://movie.douban.com/subject/1291999/,"导演: 王家卫 Kar Wai Wong   主演: 林青霞 Brigitte Lin / 金城武 Takeshi K...
1994 / 中国香港 / 剧情 爱情"
111,一一,9.1,336230人评价,我们都曾经是一一。,https://movie.douban.com/subject/1292434/,"导演: 杨德昌 Edward Yang   主演: 吴念真 / 李凯莉 Kelly Lee / 金燕玲 Elai...
2000 / 中国台湾 日本 / 剧情 爱情 家庭"
112,幽灵公主,8.9,480784人评价,人与自然的战争史诗。,https://movie.douban.com/subject/1297359/,"导演: 宫崎骏 Hayao Miyazaki   主演: 松田洋治 Yôji Matsuda / 石田百合...
1997 / 日本 / 动画 奇幻 冒险"
113,蝙蝠侠：黑暗骑士崛起,8.8,658152人评价,诺兰就是保证。,https://movie.douban.com/subject/3395373/,"导演: 克里斯托弗·诺兰 Christopher Nolan   主演: 克里斯蒂安·贝尔 Christ...
2012 / 美国 英国 / 剧情 动作 科幻 犯罪 惊悚"
114,小森林 夏秋篇,9.0,388983人评价,那些静得只能听见呼吸的日子里，你明白孤独即生活。,https://movie.douban.com/subject/25814705/,"导演: 森淳一 Junichi Mori   主演: 桥本爱 Ai Hashimoto / 三浦贵大 Takahir...
2014 / 日本 / 剧情"
115,阳光灿烂的日子,8.8,562487人评价,一场华丽的意淫。,https://movie.douban.com/subject/1291875/,"导演: 姜文 Wen Jiang   主演: 夏雨 Yu Xia / 宁静 Jing Ning / 陶虹 Hong Tao
1994 / 中国大陆 中国香港 / 剧情 爱情"
116,菊次郎的夏天,8.9,537346人评价,从没见过那么流氓的温柔，从没见过那么温柔的流氓。,https://movie.douban.com/subject/1293359/,"导演: 北野武 Takeshi Kitano   主演: 北野武 Takeshi Kitano / 关口雄介 Yus...
1999 / 日本 / 剧情 喜剧"
117,超能陆战队,8.7,921418人评价,Balalala~~~,https://movie.douban.com/subject/11026735/,"导演: 唐·霍尔 Don Hall / 克里斯·威廉姆斯 Chris Williams   主演: 斯科特...
2014 / 美国 / 喜剧 动作 科幻 动画 冒险"
118,完美的世界,9.1,279131人评价,坏人的好总是比好人的好来得更感人。,https://movie.douban.com/subject/1300992/,"导演: 克林特·伊斯特伍德 Clint Eastwood   主演: 凯文·科斯特纳 Kevin Cos...
1993 / 美国 / 剧情 犯罪"
119,无人知晓,9.1,284207人评价,我的平常生活就是他人的幸福。,https://movie.douban.com/subject/1292337/,"导演: 是枝裕和 Hirokazu Koreeda   主演: 柳乐优弥 Yûya Yagira / 北浦爱...
2004 / 日本 / 剧情"
120,爱在日落黄昏时,8.9,496033人评价,九年后的重逢是世俗和责任的交叠，没了悸动和青涩，沧桑而温暖。,https://movie.douban.com/subject/1291990/,"导演: 理查德·林克莱特 Richard Linklater   主演: 伊桑·霍克 Ethan Hawke ...
2004 / 美国 法国 / 剧情 爱情"
121,消失的爱人,8.7,842618人评价,年度最佳date movie。,https://movie.douban.com/subject/21318488/,"导演: 大卫·芬奇 David Fincher   主演: 本·阿弗莱克 Ben Affleck / 罗莎蒙...
2014 / 美国 / 剧情 犯罪 悬疑 惊悚"
122,小森林 冬春篇,9.0,347903人评价,尊敬他人，尊敬你生活的这片土地，明白孤独是人生的常态。,https://movie.douban.com/subject/25814707/,"导演: 森淳一 Junichi Mori   主演: 桥本爱 Ai Hashimoto / 三浦贵大 Takahir...
2015 / 日本 / 剧情"
123,借东西的小人阿莉埃蒂,8.9,499881人评价,曾经的那段美好会沉淀为一辈子的记忆。,https://movie.douban.com/subject/4202302/,"导演: 米林宏昌 Hiromasa Yonebayashi   主演: 志田未来 Mirai Shida / 神木...
2010 / 日本 / 动画 奇幻 冒险"
124,倩女幽魂,8.8,670034人评价,两张绝世的脸。 ,https://movie.douban.com/subject/1297447/,"导演: 程小东 Siu-Tung Ching   主演: 张国荣 Leslie Cheung / 王祖贤 Joey W...
1987 / 中国香港 / 爱情 奇幻 武侠 古装"
125,甜蜜蜜,8.9,477057人评价,相逢只要一瞬间，等待却像是一辈子。,https://movie.douban.com/subject/1305164/,"导演: 陈可辛 Peter Chan   主演: 黎明 Leon Lai / 张曼玉 Maggie Cheung / ...
1996 / 中国香港 / 剧情 爱情"
126,侧耳倾听,8.9,419751人评价,少女情怀总是诗。,https://movie.douban.com/subject/1297052/,"导演: 近藤喜文 Yoshifumi Kondo   主演: 本名阳子 Youko Honna / 小林桂树 K...
1995 / 日本 / 剧情 爱情 动画"
127,幸福终点站,8.8,512647人评价,有时候幸福需要等一等。 ,https://movie.douban.com/subject/1292274/,"导演: 史蒂文·斯皮尔伯格 Steven Spielberg   主演: 汤姆·汉克斯 Tom Hanks...
2004 / 美国 / 喜剧 剧情 爱情"
128,时空恋旅人,8.8,587325人评价,把每天当作最后一天般珍惜度过，积极拥抱生活，就是幸福。,https://movie.douban.com/subject/10577869/,"导演: 理查德·柯蒂斯 Richard Curtis   主演: 多姆纳尔·格里森 Domhnall Gl...
2013 / 英国 / 喜剧 爱情 奇幻"
129,驯龙高手,8.7,692268人评价,和谐的生活离不开摸头与被摸头。,https://movie.douban.com/subject/2353023/,"导演: 迪恩·德布洛斯 Dean DeBlois / 克里斯·桑德斯 Chris Sanders   主演:...
2010 / 美国 / 动画 奇幻 冒险"
130,萤火之森,8.9,479698人评价,触不到的恋人。,https://movie.douban.com/subject/5989818/,"导演: 大森贵弘 Takahiro Omori   主演: 佐仓绫音 Ayane Sakura / 内山昂辉 K...
2011 / 日本 / 剧情 爱情 动画 奇幻"
131,玛丽和马克思,8.9,396428人评价,你是我最好的朋友，你是我唯一的朋友 。,https://movie.douban.com/subject/3072124/,"导演: 亚当·艾略特 Adam Elliot   主演: 托妮·科莱特 Toni Collette / 菲利...
2009 / 澳大利亚 美国 / 剧情 喜剧 动画"
132,怪兽电力公司,8.8,604194人评价,不要给它起名字，起了名字就有感情了。,https://movie.douban.com/subject/1291579/,"导演: 彼特·道格特 Pete Docter / 大卫·斯沃曼 David Silverman   主演: 约...
2001 / 美国 / 儿童 喜剧 动画 奇幻 冒险"
133,教父3,9.0,332891人评价,任何信念的力量，都无法改变命运。,https://movie.douban.com/subject/1294240/,"导演: 弗朗西斯·福特·科波拉 Francis Ford Coppola   主演: 阿尔·帕西诺 A...
1990 / 美国 / 剧情 犯罪"
134,一个叫欧维的男人决定去死,8.9,411750人评价,惠及一生的美丽。,https://movie.douban.com/subject/26628357/,"导演: 汉内斯·赫尔姆 Hannes Holm   主演: 罗夫·拉斯加德 Rolf Lassgård...
2015 / 瑞典 / 剧情"
135,大鱼,8.8,524531人评价,抱着梦想而活着的人是幸福的，怀抱梦想而死去的人是不朽的。,https://movie.douban.com/subject/1291545/,"导演: 蒂姆·波顿 Tim Burton   主演: 伊万·麦克格雷格 Ewan McGregor / 阿...
2003 / 美国 / 剧情 家庭 奇幻 冒险"
136,玩具总动员3,8.9,464558人评价,跨度十五年的欢乐与泪水。,https://movie.douban.com/subject/1858711/,"导演: 李·昂克里奇 Lee Unkrich   主演: 汤姆·汉克斯 Tom Hanks / 蒂姆·艾...
2010 / 美国 / 喜剧 动画 奇幻 冒险"
137,告白,8.8,625751人评价,没有一人完全善，也没有一人完全恶。,https://movie.douban.com/subject/4268598/,"导演: 中岛哲也 Tetsuya Nakashima   主演: 松隆子 Takako Matsu / 冈田将生 ...
2010 / 日本 / 剧情 悬疑"
138,傲慢与偏见,8.7,719887人评价,爱是摈弃傲慢与偏见之后的曙光。,https://movie.douban.com/subject/1418200/,"导演: 乔·怀特 Joe Wright   主演: 凯拉·奈特莉 Keira Knightley / 马修·...
2005 / 法国 英国 美国 / 剧情 爱情"
139,神偷奶爸,8.6,871914人评价,Mr. I Don't Care其实也有Care的时候。,https://movie.douban.com/subject/3287562/,"导演: 皮艾尔·柯芬 Pierre Coffin / 克里斯·雷纳德 Chris Renaud   主演: ...
2010 / 美国 法国 / 喜剧 动画 冒险"
140,寄生虫,8.8,1251068人评价,,https://movie.douban.com/subject/27010768/,"导演: 奉俊昊 Joon-ho Bong   主演: 宋康昊 Kang-ho Song / 李善均 Seon-gyun...
2019 / 韩国 / 剧情"
141,釜山行,8.6,1088015人评价,揭露人性的丧尸题材力作。,https://movie.douban.com/subject/25986180/,"导演: 延尚昊 Sang-ho Yeon   主演: 孔侑 Yoo Gong / 郑有美 Yu-mi Jung / 马...
2016 / 韩国 / 动作 惊悚 灾难"
142,阳光姐妹淘,8.8,556005人评价,再多各自牛逼的时光，也比不上一起傻逼的岁月。 ,https://movie.douban.com/subject/4917726/,"导演: 姜炯哲 Hyeong-Cheol Kang   主演: 沈恩京 Eun-kyung Shim / 闵孝琳 Hy...
2011 / 韩国 / 剧情 喜剧"
143,射雕英雄传之东成西就,8.7,582311人评价,百看不厌。 ,https://movie.douban.com/subject/1316510/,"导演: 刘镇伟 Jeffrey Lau   主演: 梁朝伟 Tony Leung Chiu Wai / 林青霞 Bri...
1993 / 中国香港 / 喜剧 奇幻 武侠 古装"
144,被解救的姜戈,8.8,553769人评价,热血沸腾，那个低俗、性感的无耻混蛋又来了。,https://movie.douban.com/subject/6307447/,"导演: 昆汀·塔伦蒂诺 Quentin Tarantino   主演: 杰米·福克斯 Jamie Foxx /...
2012 / 美国 / 剧情 动作 西部 冒险"
145,未麻的部屋,9.0,283063人评价,好的剧本是，就算你猜到了结局也猜不到全部。,https://movie.douban.com/subject/1395091/,"导演: 今敏 Satoshi Kon   主演: 岩男润子 Junko Iwao / 松本梨香 Rica Matsu...
1997 / 日本 / 动画 奇幻 惊悚"
146,恐怖直播,8.7,595382人评价,恐怖分子的“秋菊打官司”。,https://movie.douban.com/subject/21360417/,"导演: 金秉祐 Byeong-woo Kim   主演: 河正宇 Jung-woo Ha / 李璟荣 Kyeong-y...
2013 / 韩国 / 剧情 犯罪 悬疑"
147,哪吒闹海,9.1,232897人评价,想你时你在闹海。,https://movie.douban.com/subject/1307315/,"导演: 王树忱 Shuchen Wang / 严定宪 Dingxian Yan   主演: 梁正晖 Zhenghui ...
1979 / 中国大陆 / 冒险 动画 奇幻"
148,我是山姆,9.0,304787人评价,爱并不需要智商 。,https://movie.douban.com/subject/1306861/,"导演: 杰茜·尼尔森 Jessie Nelson   主演: Sean Penn / Dakota Fanning / Mi...
2001 / 美国 / 剧情 家庭"
149,哈利·波特与火焰杯,8.7,571540人评价,,https://movie.douban.com/subject/1309055/,"导演: 迈克·内威尔 Mike Newell   主演: 丹尼尔·雷德克里夫 Daniel Radclif...
2005 / 英国 美国 / 悬疑 奇幻 冒险"
150,血战钢锯岭,8.7,724734人评价,优秀的战争片不会美化战场，不会粉饰死亡，不会矮化敌人，不会无视常识，最重要的，不会宣扬战争。,https://movie.douban.com/subject/26325320/,"导演: 梅尔·吉布森 Mel Gibson   主演: 安德鲁·加菲尔德 Andrew Garfield /...
2016 / 澳大利亚 美国 / 剧情 传记 历史 战争"
151,头号玩家,8.7,1251519人评价,写给影迷，动漫迷和游戏迷的一封情书。,https://movie.douban.com/subject/4920389/,"导演: 史蒂文·斯皮尔伯格 Steven Spielberg   主演: 泰伊·谢里丹 Tye Sheri...
2018 / 美国 / 动作 科幻 冒险"
152,新世界,8.9,359528人评价,要做就做得狠一点，这样才能活下去。,https://movie.douban.com/subject/10437779/,"导演: 朴勋政 Hoon-jung Park   主演: 李政宰 Jung-Jae Lee / 崔岷植 Min-sik...
2013 / 韩国 / 剧情 犯罪"
153,模仿游戏,8.7,581563人评价,他给机器起名“克里斯托弗”，因为这是他初恋的名字。,https://movie.douban.com/subject/10463953/,"导演: 莫滕·泰杜姆 Morten Tyldum   主演: 本尼迪克特·康伯巴奇 Benedict C...
2014 / 英国 美国 / 剧情 传记 战争 同性"
154,七武士,9.3,177342人评价,时代悲歌。,https://movie.douban.com/subject/1295399/,"导演: 黑泽明 Akira Kurosawa   主演: 三船敏郎 Toshirô Mifune / 志村乔 ...
1954 / 日本 / 动作 冒险 剧情"
155,喜宴,8.9,318462人评价,中国家庭的喜怒哀乐忍。,https://movie.douban.com/subject/1303037/,"导演: 李安 Ang Lee   主演: 赵文瑄 Winston Chao / 郎雄 Sihung Lung / 归亚...
1993 / 中国台湾 美国 / 剧情 喜剧 爱情 同性 家庭"
156,黑客帝国3：矩阵革命,8.8,410855人评价,不得不说，《黑客帝国》系列是商业片与科幻、哲学完美结合的典范。,https://movie.douban.com/subject/1302467/,"导演: 拉娜·沃卓斯基 Lana Wachowski / 莉莉·沃卓斯基 Lilly Wachowski   ...
2003 / 美国 / 动作 科幻"
157,花样年华,8.7,538640人评价,偷情本没有这样美。,https://movie.douban.com/subject/1291557/,"导演: 王家卫 Kar Wai Wong   主演: 梁朝伟 Tony Leung Chiu Wai / 张曼玉 Ma...
2000 / 中国香港 / 剧情 爱情"
158,头脑特工队,8.8,550088人评价,愿我们都不用长大，每一座城堡都能永远存在。,https://movie.douban.com/subject/10533913/,"导演: 彼特·道格特 Pete Docter / 罗纳尔多·德尔·卡门 Ronaldo Del Carmen  &nb...
2015 / 美国 / 喜剧 动画 冒险"
159,电锯惊魂,8.7,480385人评价,真相就在眼前。,https://movie.douban.com/subject/1417598/,"导演: 詹姆斯·温 James Wan   主演: 雷·沃纳尔 Leigh Whannell / 加利·艾...
2004 / 美国 / 悬疑 惊悚 恐怖"
160,三块广告牌,8.7,756408人评价,怼天怼地，你走后，她与世界为敌。,https://movie.douban.com/subject/26611804/,"导演: 马丁·麦克唐纳 Martin McDonagh   主演: 弗兰西斯·麦克多蒙德 France...
2017 / 美国 英国 / 剧情 犯罪"
161,卢旺达饭店,8.9,296905人评价,当这个世界闭上双眼，他却敞开了怀抱。,https://movie.douban.com/subject/1291822/,"导演: 特瑞·乔治 Terry George   主演: 唐·钱德尔 Don Cheadle / 苏菲·奥...
2004 / 英国 南非 意大利 美国 / 剧情 传记 历史 战争"
162,你的名字。,8.5,1264207人评价,穿越错位的时空，仰望陨落的星辰，你没留下你的名字，我却无法忘记那句“我爱你”。,https://movie.douban.com/subject/26683290/,"导演: 新海诚 Makoto Shinkai   主演: 神木隆之介 Ryûnosuke Kamiki / 上...
2016 / 日本 / 剧情 爱情 动画"
163,达拉斯买家俱乐部,8.8,415232人评价,Jared Leto的腿比女人还美！,https://movie.douban.com/subject/1793929/,"导演: 让-马克·瓦雷 Jean-Marc Vallée   主演: 马修·麦康纳 Matthew McCon...
2013 / 美国 / 剧情 传记 同性"
164,疯狂原始人,8.7,774914人评价,老少皆宜，这就是好莱坞动画的魅力。,https://movie.douban.com/subject/1907966/,"导演: 科克·德·米科 Kirk De Micco / 克里斯·桑德斯 Chris Sanders   主演...
2013 / 美国 / 喜剧 动画 冒险"
165,上帝之城,9.0,278736人评价,被上帝抛弃了的上帝之城。,https://movie.douban.com/subject/1292208/,"导演: 费尔南多·梅里尔斯 Fernando Meirelles / 卡迪亚·兰德 Kátia Lund  &nbsp...
2002 / 巴西 法国 / 犯罪 剧情"
166,谍影重重3,8.8,385684人评价,像吃了苏打饼一样干脆的电影。,https://movie.douban.com/subject/1578507/,"导演: 保罗·格林格拉斯 Paul Greengrass   主演: 马特·达蒙 Matt Damon / ...
2007 / 美国 德国 / 动作 悬疑 惊悚"
167,英雄本色,8.6,483110人评价,英雄泪短，兄弟情长。 ,https://movie.douban.com/subject/1297574/,"导演: 吴宇森 John Woo   主演: 周润发 Yun-Fat Chow / 狄龙 Lung Ti / 张国...
1986 / 中国香港 / 剧情 动作 犯罪"
168,风之谷,8.9,330241人评价,动画片的圣经。,https://movie.douban.com/subject/1291585/,"导演: 宫崎骏 Hayao Miyazaki   主演: 岛本须美 Sumi Shimamoto / 松田洋治 Y...
1984 / 日本 / 动画 奇幻 冒险"
169,心迷宫,8.7,466207人评价,荒诞讽刺，千奇百巧，抽丝剥茧，百转千回。,https://movie.douban.com/subject/25917973/,"导演: 忻钰坤 Yukun Xin   主演: 霍卫民 Weimin Huo / 王笑天 Xiaotian Wang ...
2014 / 中国大陆 / 剧情 犯罪 悬疑"
170,惊魂记,9.0,250846人评价,故事的反转与反转，分裂电影的始祖。,https://movie.douban.com/subject/1293181/,"导演: 阿尔弗雷德·希区柯克 Alfred Hitchcock   主演: 安东尼·博金斯 Antho...
1960 / 美国 / 悬疑 惊悚 恐怖"
171,九品芝麻官,8.7,590660人评价,,https://movie.douban.com/subject/1297518/,"导演: 王晶 Jing Wong   主演: 周星驰 Stephen Chow / 吴孟达 Man Tat Ng / ...
1994 / 中国香港 中国大陆 / 剧情 喜剧 古装"
172,纵横四海,8.8,381053人评价,香港浪漫主义警匪动作片的巅峰之作。,https://movie.douban.com/subject/1295409/,"导演: 吴宇森 John Woo   主演: 周润发 Yun-Fat Chow / 张国荣 Leslie Cheung...
1991 / 中国香港 / 剧情 喜剧 动作 犯罪"
173,海街日记,8.8,400396人评价,是枝裕和的家庭习作。,https://movie.douban.com/subject/25895901/,"导演: 是枝裕和 Hirokazu Koreeda   主演: 绫濑遥 Haruka Ayase / 长泽雅美 M...
2015 / 日本 / 剧情 家庭"
174,岁月神偷,8.7,539748人评价,岁月流逝，来日可追。,https://movie.douban.com/subject/3792799/,"导演: 罗启锐 Alex Law   主演: 吴君如 Sandra Ng / 任达华 Simon Yam / 钟绍...
2010 / 中国香港 中国大陆 / 剧情 家庭"
175,记忆碎片,8.7,556203人评价,一个针管引发的血案。,https://movie.douban.com/subject/1304447/,"导演: 克里斯托弗·诺兰 Christopher Nolan   主演: 盖·皮尔斯 Guy Pearce /...
2000 / 美国 / 犯罪 剧情 悬疑 惊悚"
176,忠犬八公物语,9.2,175781人评价,养狗三日，便会对你终其一生。,https://movie.douban.com/subject/1959195/,"导演: Seijirô Kôyama   主演: 山本圭 Kei Yamamoto / 井川比佐志 Hisa...
1987 / 日本 / 剧情"
177,荒蛮故事,8.8,402397人评价,始于荒诞，止于更荒诞。,https://movie.douban.com/subject/24750126/,"导演: 达米安·斯兹弗隆 Damián Szifron   主演: 达里奥·葛兰帝内提 Darío...
2014 / 阿根廷 西班牙 / 剧情 喜剧 犯罪"
178,爱在午夜降临前,8.8,348938人评价,所谓爱情，就是话唠一路，都不会心生腻烦，彼此嫌弃。,https://movie.douban.com/subject/10808442/,"导演: 理查德·林克莱特 Richard Linklater   主演: 伊桑·霍克 Ethan Hawke ...
2013 / 美国 希腊 / 剧情 爱情"
179,绿里奇迹,8.9,290420人评价,天使暂时离开。,https://movie.douban.com/subject/1300374/,"导演: Frank Darabont   主演: 汤姆·汉克斯 Tom Hanks / 大卫·摩斯 David M...
1999 / 美国 / 犯罪 剧情 奇幻 悬疑"
180,爆裂鼓手,8.7,525721人评价,这个世界从不善待努力的人，努力了也不一定会成功，但是知道自己在努力，就是活下去的动力。,https://movie.douban.com/subject/25773932/,"导演: 达米恩·查泽雷 Damien Chazelle   主演: 迈尔斯·特勒 Miles Teller /...
2014 / 美国 / 剧情 音乐"
181,小偷家族,8.7,754155人评价,我们组成了家。,https://movie.douban.com/subject/27622447/,"导演: 是枝裕和 Hirokazu Koreeda   主演: 中川雅也 Lily Franky / 安藤樱 Sa...
2018 / 日本 / 剧情 犯罪 家庭"
182,贫民窟的百万富翁,8.6,691505人评价,上帝之城+猜火车+阿甘正传+开心辞典=山寨富翁,https://movie.douban.com/subject/2209573/,"导演: 丹尼·鲍尔 Danny Boyle / 洛芙琳·坦丹 Loveleen Tandan   主演: 戴夫...
2008 / 英国 / 剧情 爱情"
183,色，戒,8.6,678603人评价,假戏真情，爱欲深海,https://movie.douban.com/subject/1828115/,"导演: 李安 Ang Lee   主演: 梁朝伟 Tony Leung Chiu Wai / 汤唯 Wei Tang / ...
2007 / 中国台湾 中国大陆 美国 中国香港 / 剧情 爱情 情色"
184,真爱至上,8.6,671726人评价,爱，是个动词。,https://movie.douban.com/subject/1292401/,"导演: 理查德·柯蒂斯 Richard Curtis   主演: 休·格兰特 Hugh Grant / 柯林...
2003 / 英国 美国 法国 / 喜剧 剧情 爱情"
185,东邪西毒,8.6,532143人评价,电影诗。,https://movie.douban.com/subject/1292328/,"导演: 王家卫 Kar Wai Wong   主演: 张国荣 Leslie Cheung / 林青霞 Brigitte...
1994 / 中国香港 中国台湾 / 剧情 动作 爱情 武侠 古装"
186,无敌破坏王,8.7,487420人评价,迪士尼和皮克斯拿错剧本的产物。,https://movie.douban.com/subject/6534248/,"导演: 瑞奇·莫尔 Rich Moore   主演: 约翰·C·赖利 John C. Reilly / 萨拉...
2012 / 美国 / 喜剧 动画 奇幻 冒险"
187,疯狂的石头,8.5,741960人评价,中国版《两杆大烟枪》。,https://movie.douban.com/subject/1862151/,"导演: 宁浩 Hao Ning   主演: 郭涛 Tao Guo / 刘桦 Hua Liu / 连晋 Teddy Lin
2006 / 中国大陆 中国香港 / 喜剧 犯罪"
188,冰川时代,8.6,563108人评价,松鼠才是角儿。,https://movie.douban.com/subject/1291578/,"导演: 卡洛斯·沙尔丹哈 Carlos Saldanha / 克里斯·韦奇 Chris Wedge   主演...
2002 / 美国 / 喜剧 动画 冒险"
189,雨中曲,9.1,196521人评价,骨灰级歌舞片。,https://movie.douban.com/subject/1293460/,"导演: 斯坦利·多南 Stanley Donen / 吉恩·凯利 Gene Kelly   主演: 吉恩·...
1952 / 美国 / 喜剧 歌舞 爱情"
190,黑天鹅,8.6,734632人评价,黑暗之美。,https://movie.douban.com/subject/1978709/,"导演: 达伦·阿罗诺夫斯基 Darren Aronofsky   主演: 娜塔莉·波特曼 Natalie...
2010 / 美国 / 剧情 惊悚"
191,你看起来好像很好吃,8.9,305593人评价,感情不分食草或者食肉。,https://movie.douban.com/subject/4848115/,"导演: 藤森雅也 Masaya Fujimori   主演: 山口胜平 Kappei Yamaguchi / 爱河...
2010 / 日本 / 剧情 动画 儿童"
192,恐怖游轮,8.5,762586人评价,不要企图在重复中寻找已经失去的爱。,https://movie.douban.com/subject/3011051/,"导演: 克里斯托弗·史密斯 Christopher Smith   主演: 梅利莎·乔治 Melissa ...
2009 / 英国 澳大利亚 / 剧情 悬疑 惊悚"
193,2001太空漫游,8.9,282112人评价,现代科幻电影的开山之作，最伟大导演的最伟大影片。,https://movie.douban.com/subject/1292226/,"导演: 斯坦利·库布里克 Stanley Kubrick   主演: 凯尔·杜拉 Keir Dullea / ...
1968 / 英国 美国 / 科幻 惊悚 冒险"
194,雨人,8.7,373014人评价,生活在自己的世界里，也可以让周围的人显得可笑和渺小。,https://movie.douban.com/subject/1291870/,"导演: 巴瑞·莱文森 Barry Levinson   主演: 达斯汀·霍夫曼 Dustin Hoffman ...
1988 / 美国 / 剧情"
195,茶馆,9.5,102228人评价,,https://movie.douban.com/subject/1461403/,"导演: 谢添 Tian Xie   主演: 于是之 Shizhi Yu / 郑榕 Rong Zhen / 蓝天野 T...
1982(中国大陆) / 中国大陆 / 剧情 历史"
196,恋恋笔记本,8.6,610144人评价,爱情没有那么多借口，如果不能圆满，只能说明爱的不够。 ,https://movie.douban.com/subject/1309163/,"导演: 尼克·卡索维茨 Nick Cassavetes   主演: 瑞恩·高斯林 Ryan Gosling /...
2004 / 美国 / 剧情 爱情"
197,魔女宅急便,8.7,416685人评价,宫崎骏的电影总让人感觉世界是美好的，阳光明媚的。,https://movie.douban.com/subject/1307811/,"导演: 宫崎骏 Hayao Miyazaki   主演: 高山南 Minami Takayama / 佐久间玲 Re...
1989 / 日本 / 动画 奇幻 冒险"
198,遗愿清单,8.7,397273人评价,用剩余不多的时间，去燃烧整个生命。,https://movie.douban.com/subject/1867345/,"导演: 罗伯·莱纳 Rob Reiner   主演: 杰克·尼科尔森 Jack Nicholson / 摩根...
2007 / 美国 / 冒险 喜剧 剧情"
199,城市之光,9.3,129033人评价,永远的小人物，伟大的卓别林。,https://movie.douban.com/subject/1293908/,"导演: Charles Chaplin   主演: 查理·卓别林 Charles Chaplin / 弗吉尼亚·...
1931 / 美国 / 喜剧 剧情 爱情"
200,萤火虫之墓,8.7,379935人评价,幸福是生生不息，却难以触及的远。 ,https://movie.douban.com/subject/1293318/,"导演: 高畑勋 Isao Takahata   主演: 辰己努 / 白石绫乃 / 志乃原良子
1988 / 日本 / 动画 剧情 战争"
201,可可西里,8.9,273447人评价,坚硬的信仰。,https://movie.douban.com/subject/1308857/,"导演: 陆川 Chuan Lu   主演: 多布杰 Duobujie / 张磊 Lei Zhang / 亓亮 Qi L...
2004 / 中国大陆 中国香港 / 剧情 犯罪"
202,大佛普拉斯,8.7,398799人评价,人们可以登上月球，却永远无法探索人们内心的宇宙。,https://movie.douban.com/subject/27059130/,"导演: 黄信尧 Hsin-yao Huang   主演: 庄益增 Yizeng Zhuang / 陈竹昇 Chu-sh...
2017 / 中国台湾 / 剧情 喜剧"
203,无间道2,8.7,413717人评价,,https://movie.douban.com/subject/1307106/,"导演: 刘伟强 / 麦兆辉   主演: 陈冠希 / 余文乐 / 曾志伟
2003 / 中国香港 / 剧情 犯罪 惊悚"
204,牯岭街少年杀人事件,8.9,254468人评价,弱者送给弱者的一刀。,https://movie.douban.com/subject/1292329/,"导演: 杨德昌 Edward Yang   主演: 张震 Chen Chang / 杨静怡 Lisa Yang / 张...
1991 / 中国台湾 / 剧情 犯罪"
205,虎口脱险,8.9,229042人评价,永远看不腻的喜剧。,https://movie.douban.com/subject/1296909/,"导演: 杰拉尔·乌里 Gérard Oury   主演: 路易·德·菲耐斯 Louis de Funès...
1966 / 法国 英国 / 喜剧 战争"
206,源代码,8.5,769014人评价,邓肯·琼斯继《月球》之后再度奉献出一部精彩绝伦的科幻佳作。,https://movie.douban.com/subject/3075287/,"导演: 邓肯·琼斯 Duncan Jones   主演: 杰克·吉伦哈尔 Jake Gyllenhaal / ...
2011 / 美国 加拿大 / 科幻 悬疑 惊悚"
207,人工智能,8.7,404470人评价,对爱的执着，可以超越一切。,https://movie.douban.com/subject/1302827/,"导演: 史蒂文·斯皮尔伯格 Steven Spielberg   主演: 海利·乔·奥斯蒙 Haley...
2001 / 美国 英国 / 剧情 科幻"
208,初恋这件小事,8.5,918633人评价,黑小鸭速效美白记。,https://movie.douban.com/subject/4739952/,"导演: 普特鹏·普罗萨卡·那·萨克那卡林 Puttipong Promsaka Na Sakolnakorn / 华森·波克彭...
2010 / 泰国 / 剧情 喜剧 爱情"
209,海边的曼彻斯特,8.6,459455人评价,我们都有权利不与自己的过去和解。,https://movie.douban.com/subject/25980443/,"导演: 肯尼斯·罗纳根 Kenneth Lonergan   主演: 卡西·阿弗莱克 Casey Affle...
2016 / 美国 / 剧情 家庭"
210,背靠背，脸对脸,9.5,103789人评价,,https://movie.douban.com/subject/1307856/,"导演: 黄建新 Jianxin Huang / 杨亚洲 Yazhou Yang   主演: 牛振华 Zhenhua N...
1994 / 中国大陆 中国香港 / 剧情"
211,东京教父,9.0,187814人评价,,https://movie.douban.com/subject/1310177/,"导演: 今敏 Satoshi Kon   主演: 江守彻 Toru Emori / 梅垣义明 Yoshiaki Ume...
2003 / 日本 / 剧情 喜剧 动画"
212,小丑,8.7,916609人评价,,https://movie.douban.com/subject/27119724/,"导演: 托德·菲利普斯 Todd Phillips   主演: 杰昆·菲尼克斯 Joaquin Phoeni...
2019 / 美国 加拿大 / 剧情 犯罪 惊悚"
213,罗生门,8.8,284211人评价,人生的N种可能性。,https://movie.douban.com/subject/1291879/,"导演: 黑泽明 Akira Kurosawa   主演: 三船敏郎 Toshirô Mifune / 京町子 ...
1950 / 日本 / 剧情 犯罪 悬疑"
214,终结者2：审判日,8.8,312895人评价,少见的超越首部的续集，动作片中的经典。,https://movie.douban.com/subject/1291844/,"导演: 詹姆斯·卡梅隆 James Cameron   主演: 阿诺·施瓦辛格 Arnold Schwarz...
1991 / 美国 法国 / 动作 科幻"
215,青蛇,8.6,475852人评价,人生如此，浮生如斯。谁人言，花彼岸，此生情长意短。谁都是不懂爱的罢了。,https://movie.douban.com/subject/1303394/,"导演: 徐克 Hark Tsui   主演: 张曼玉 Maggie Cheung / 王祖贤 Joey Wang / ...
1993 / 中国香港 中国大陆 / 剧情 爱情 奇幻 古装"
216,奇迹男孩,8.6,514092人评价,世界不完美，爱会有奇迹。,https://movie.douban.com/subject/26787574/,"导演: 斯蒂芬·卓博斯基 Stephen Chbosky   主演: 雅各布·特伦布莱 Jacob Tr...
2017 / 美国 中国香港 / 剧情 儿童 家庭"
217,二十二,8.7,273385人评价,有一些东西不应该被遗忘。,https://movie.douban.com/subject/26430107/,"导演: 郭柯 Ke Guo   主演:
2015 / 中国大陆 / 纪录片"
218,波西米亚狂想曲,8.6,544058人评价,,https://movie.douban.com/subject/5300054/,"导演: 布莱恩·辛格 Bryan Singer   主演: 拉米·马雷克 Rami Malek / 本·哈...
2018 / 英国 美国 / 剧情 传记 同性 音乐"
219,房间,8.8,346592人评价,被偷走的岁月，被伤害的生命，被禁锢的灵魂，终将被希望和善意救赎。,https://movie.douban.com/subject/25724855/,"导演: 伦尼·阿伯拉罕森 Lenny Abrahamson   主演: 布丽·拉尔森 Brie Larson...
2015 / 爱尔兰 加拿大 英国 美国 / 剧情 家庭"
220,疯狂的麦克斯4：狂暴之路,8.6,479697人评价,“多么美好的一天！”轰轰轰砰咚，啪哒哒哒轰隆隆，磅~,https://movie.douban.com/subject/3592854/,"导演: 乔治·米勒 George Miller   主演: 汤姆·哈迪 Tom Hardy / 查理兹·塞...
2015 / 澳大利亚 美国 / 动作 科幻 冒险"
221,新龙门客栈,8.6,402661人评价,嬉笑怒骂，调风动月。,https://movie.douban.com/subject/1292287/,"导演: 李惠民 Raymond Lee   主演: 张曼玉 Maggie Cheung / 林青霞 Brigitte ...
1992 / 中国香港 中国大陆 / 动作 爱情 武侠 古装"
222,无耻混蛋,8.6,432552人评价,昆汀同学越来越变态了，比北野武还杜琪峰。,https://movie.douban.com/subject/1438652/,"导演: Quentin Tarantino   主演: 布拉德·皮特 Brad Pitt / 梅拉尼·罗兰 M...
2009 / 德国 美国 / 剧情 犯罪"
223,魂断蓝桥,8.8,253433人评价,中国式内在的美国电影。,https://movie.douban.com/subject/1293964/,"导演: 茂文·勒鲁瓦 Mervyn LeRoy   主演: 费雯·丽 Vivien Leigh / 罗伯特·...
1940 / 美国 / 剧情 爱情 战争"
224,血钻,8.7,343213人评价,每个美丽事物背后都是滴血的现实。,https://movie.douban.com/subject/1428175/,"导演: 爱德华·兹威克 Edward Zwick   主演: 莱昂纳多·迪卡普里奥 Leonardo ...
2006 / 美国 德国 英国 / 剧情 惊悚 冒险"
225,千钧一发,8.8,259035人评价,一部能引人思考的科幻励志片。,https://movie.douban.com/subject/1300117/,"导演: 安德鲁·尼科尔 Andrew Niccol   主演: 伊桑·霍克 Ethan Hawke / 乌玛...
1997 / 美国 / 剧情 科幻 惊悚"
226,步履不停,8.8,251720人评价,日本的家庭电影已经是世界巅峰了，步履不停是巅峰中的佳作。,https://movie.douban.com/subject/2222996/,"导演: 是枝裕和 Hirokazu Koreeda   主演: 阿部宽 Hiroshi Abe / 夏川结衣 Yu...
2008 / 日本 / 剧情 家庭"
227,黑客帝国2：重装上阵,8.7,371985人评价,一个精彩的世界观正在缓缓建立。,https://movie.douban.com/subject/1304141/,"导演: 拉娜·沃卓斯基 Lana Wachowski / 莉莉·沃卓斯基 Lilly Wachowski   ...
2003 / 美国 / 动作 科幻"
228,彗星来的那一夜,8.5,506609人评价,小成本大魅力。,https://movie.douban.com/subject/25807345/,"导演: 詹姆斯·沃德·布柯特 James Ward Byrkit   主演: 艾米丽·芭尔多尼 Em...
2013 / 美国 英国 / 科幻 悬疑 惊悚"
229,战争之王,8.7,331374人评价,做一颗让别人需要你的棋子。,https://movie.douban.com/subject/1419936/,"导演: 安德鲁·尼科尔 Andrew Niccol   主演: 尼古拉斯·凯奇 Nicolas Cage /...
2005 / 法国 德国 美国 / 剧情 犯罪"
230,崖上的波妞,8.6,434494人评价,,https://movie.douban.com/subject/1959877/,"导演: 宫崎骏 Hayao Miyazaki   主演: 奈良柚莉爱 Yuria Nara / 土井洋辉 Hir...
2008 / 日本 / 动画 奇幻 冒险"
231,心灵奇旅,8.7,860864人评价,,https://movie.douban.com/subject/24733428/,"导演: 彼特·道格特 Pete Docter / 凯普·鲍尔斯 Kemp Powers   主演: 杰米·...
2020 / 美国 / 动画 奇幻 音乐"
232,爱乐之城,8.4,792245人评价,,https://movie.douban.com/subject/25934014/,"导演: 达米恩·查泽雷 Damien Chazelle   主演: 瑞恩·高斯林 Ryan Gosling /...
2016 / 美国 / 剧情 爱情 歌舞"
233,谍影重重2,8.7,323463人评价,谁说王家卫镜头很晃？,https://movie.douban.com/subject/1308767/,"导演: 保罗·格林格拉斯 Paul Greengrass   主演: 马特·达蒙 Matt Damon / ...
2004 / 美国 德国 / 动作 悬疑 惊悚"
234,燃情岁月,8.8,264724人评价,传奇，不是每个人都可以拥有。,https://movie.douban.com/subject/1295865/,"导演: 爱德华·兹威克 Edward Zwick   主演: 布拉德·皮特 Brad Pitt / 安东...
1994 / 美国 / 剧情 爱情 战争 西部"
235,阿飞正传,8.5,461096人评价,王家卫是一种风格，张国荣是一个代表。,https://movie.douban.com/subject/1305690/,"导演: 王家卫 Kar Wai Wong   主演: 张国荣 Leslie Cheung / 张曼玉 Maggie C...
1990 / 中国香港 / 犯罪 剧情 爱情"
236,海洋,9.1,149278人评价,大海啊，不全是水。,https://movie.douban.com/subject/3443389/,"导演: 雅克·贝汉 Jacques Perrin / 雅克·克鲁奥德 Jacques Cluzaud   主演:...
2009 / 法国 瑞士 西班牙 美国 阿联酋 摩纳哥 / 纪录片"
237,谍影重重,8.6,388766人评价,哗啦啦啦啦，天在下雨，哗啦啦啦啦，云在哭泣……找自己。,https://movie.douban.com/subject/1304102/,"导演: 道格·里曼 Doug Liman   主演: 马特·达蒙 Matt Damon / 弗兰卡·波坦...
2002 / 美国 德国 捷克 / 动作 悬疑 惊悚"
238,再次出发之纽约遇见你,8.6,393329人评价,爱我就给我看你的播放列表。,https://movie.douban.com/subject/6874403/,"导演: 约翰·卡尼 John Carney   主演: 凯拉·奈特莉 Keira Knightley / 马克...
2013 / 美国 / 喜剧 爱情 音乐"
239,穿越时空的少女,8.6,353441人评价,爱上未来的你。 ,https://movie.douban.com/subject/1937946/,"导演: 细田守 Mamoru Hosoda   主演: 仲里依纱 Riisa Naka / 石田卓也 Takuya...
2006 / 日本 / 剧情 爱情 科幻 动画"
240,火星救援,8.5,649424人评价,,https://movie.douban.com/subject/25864085/,"导演: 雷德利·斯科特 Ridley Scott   主演: 马特·达蒙 Matt Damon / 杰西卡...
2015 / 英国 美国 匈牙利 约旦 / 剧情 科幻 冒险"
241,末路狂花,8.9,212129人评价,没有了退路，只好飞向自由。,https://movie.douban.com/subject/1291992/,"导演: 雷德利·斯科特 Ridley Scott   主演: 吉娜·戴维斯 Geena Davis / 苏...
1991 / 美国 英国 法国 / 犯罪 剧情 惊悚"
242,朗读者,8.6,426465人评价,当爱情跨越年龄的界限，它似乎能变得更久远一点，成为一种责任，一种水到渠成的相濡以沫。 ,https://movie.douban.com/subject/2213597/,"导演: 史蒂芬·戴德利 Stephen Daldry   主演: 凯特·温丝莱特 Kate Winslet ...
2008 / 美国 德国 / 剧情 爱情"
243,香水,8.5,506707人评价,一个单凭体香达到高潮的男人。,https://movie.douban.com/subject/1760622/,"导演: 汤姆·提克威 Tom Tykwer   主演: 本·卫肖 Ben Whishaw / 艾伦·瑞克...
2006 / 德国 法国 西班牙 美国 比利时 / 剧情 犯罪 奇幻"
244,地球上的星星,8.9,188746人评价,天使保护事件始末。,https://movie.douban.com/subject/2363506/,"导演: 阿米尔·汗 Aamir Khan   主演: 达席尔·萨法瑞 Darsheel Safary / 阿...
2007 / 印度 / 剧情 儿童 家庭"
245,我爱你,9.1,151448人评价,你要相信，这世上真的有爱存在，不管在什么年纪 ,https://movie.douban.com/subject/5908478/,"导演: 秋昌民 Chang-min Choo   主演: 宋在河 Jae-ho Song / 李顺载 Soon-jae...
2011 / 韩国 / 剧情 爱情"
246,完美陌生人,8.5,489045人评价,来啊，互相伤害啊！,https://movie.douban.com/subject/26614893/,"导演: 保罗·格诺维瑟 Paolo Genovese   主演: 马可·贾利尼 Marco Giallini ...
2016 / 意大利 / 剧情 喜剧"
247,千年女优,8.8,226831人评价,爱情是一场没有尽头的虚幻追逐。,https://movie.douban.com/subject/1307394/,"导演: 今敏 Satoshi Kon   主演: 庄司美代子 Miyoko Shôji / 小山茉美 Mam...
2001 / 日本 / 动画 剧情 爱情"
248,驴得水,8.3,849066人评价,过去的如果就让它过去了，未来只会越来越糟！,https://movie.douban.com/subject/25921812/,"导演: 周申 Shen Zhou / 刘露 Lu Liu   主演: 任素汐 Suxi Ren / 大力 Da Li ...
2016 / 中国大陆 / 剧情 喜剧"
249,聚焦,8.8,253703人评价,新闻人的理性求真。,https://movie.douban.com/subject/25954475/,"导演: 托马斯·麦卡锡 Thomas McCarthy   主演: 马克·鲁弗洛 Mark Ruffalo /...
2015 / 美国 / 剧情 传记"
250,浪潮,8.7,253942人评价,世界离独裁只有五天。,https://movie.douban.com/subject/2297265/,"导演: 丹尼斯·甘塞尔 Dennis Gansel   主演: 尤尔根·沃格尔 Jürgen Vogel ...
2008 / 德国 / 剧情 惊悚"

